รหัสชนิด,ชื่อวิทยาศาสตร์ที่ค้น,ชื่อที่พบ,ไฟล์,ผู้ถ่าย,สัญญาอนุญาต,ลิงก์สัญญาอนุญาต,ที่มา
7-31170-001-001,Crescentia cujete,Crescentia cujete,img/plants/001.jpg,bridgitte1234,CC BY-NC 4.0,https://creativecommons.org/licenses/by-nc/4.0/,https://www.inaturalist.org/photos/51265871
7-31170-001-002,Acacia auriculiformis,Acacia auriculiformis,img/plants/002.jpg,ผู้ใช้ iNaturalist,CC BY-NC-SA 4.0,https://creativecommons.org/licenses/by-nc-sa/4.0/,https://www.inaturalist.org/photos/700459
7-31170-001-003,Chrysalidocarpus lutescens,Chrysalidocarpus lutescens,img/plants/003.jpg,jerbon,CC BY-NC 4.0,https://creativecommons.org/licenses/by-nc/4.0/,https://www.inaturalist.org/photos/35293993
7-31170-001-004,Hopea odorata,Hopea odorata,img/plants/004.jpg,paakor,CC BY-NC 4.0,https://creativecommons.org/licenses/by-nc/4.0/,https://www.inaturalist.org/photos/258495628
7-31170-001-005,Dipterocarpus intricatus,Dipterocarpus intricatus,img/plants/005.jpg,Chanang,CC BY-NC 4.0,https://creativecommons.org/licenses/by-nc/4.0/,https://www.inaturalist.org/photos/251511102
7-31170-001-006,Neolamarckia cadamba,Neolamarckia cadamba,img/plants/006.jpg,ผู้ใช้ iNaturalist,CC0,https://creativecommons.org/publicdomain/zero/1.0/,https://www.inaturalist.org/photos/81966952
7-31170-001-007,Sphaerocoryne affinis,Sphaerocoryne affinis,img/plants/007.jpg,eec,CC BY-NC 4.0,https://creativecommons.org/licenses/by-nc/4.0/,https://www.inaturalist.org/photos/185166970
7-31170-001-009,Lagerstroemia calyculata,Lagerstroemia calyculata,img/plants/009.jpg,Steven Kurniawidjaja,CC BY-NC 4.0,https://creativecommons.org/licenses/by-nc/4.0/,https://www.inaturalist.org/photos/9918066
7-31170-001-011,Streblus asper,Streblus asper,img/plants/011.jpg,Harshjeet Singh Bal,CC BY 4.0,https://creativecommons.org/licenses/by/4.0/,https://www.inaturalist.org/photos/25892874
7-31170-001-012,Peltophorum dasyrachis,Peltophorum dasyrhachis,img/plants/012.jpg,JJLudemann,CC BY 4.0,https://creativecommons.org/licenses/by/4.0/,https://www.inaturalist.org/photos/2053253
7-31170-001-013,Albizia myriophylla,Albizia myriophylla,img/plants/013.jpg,James Bailey,CC BY-NC 4.0,https://creativecommons.org/licenses/by-nc/4.0/,https://www.inaturalist.org/photos/296890598
7-31170-001-014,Adenanthera pavonina,Adenanthera pavonina,img/plants/014.jpg,Cheongweei Gan,CC BY-NC 4.0,https://creativecommons.org/licenses/by-nc/4.0/,https://www.inaturalist.org/photos/20605511
7-31170-001-015,Azadirachta indica,Azadirachta indica,img/plants/015.jpg,Hareesha A S,CC BY-NC 4.0,https://creativecommons.org/licenses/by-nc/4.0/,https://www.inaturalist.org/photos/46478533
7-31170-001-016,Flacourtia indica,Flacourtia indica,img/plants/016.jpg,Graeme White,CC BY-NC 4.0,https://creativecommons.org/licenses/by-nc/4.0/,https://www.inaturalist.org/photos/1307595
7-31170-001-017,Dracaena loureiroi,Dracaena cochinchinensis,img/plants/017.jpg,Sarka Masova,CC BY 4.0,https://creativecommons.org/licenses/by/4.0/,https://www.inaturalist.org/photos/207439534
7-31170-001-018,Antirrhinum majus,Antirrhinum majus,img/plants/018.jpg,ผู้ใช้ iNaturalist,CC0,https://creativecommons.org/publicdomain/zero/1.0/,https://www.inaturalist.org/photos/202870263
7-31170-001-019,Zamia furfuracea,Zamia furfuracea,img/plants/019.jpg,tanetahi,CC BY 4.0,https://creativecommons.org/licenses/by/4.0/,https://www.inaturalist.org/photos/152793
7-31170-001-020,Elaeis guineensis,Elaeis guineensis,img/plants/020.jpg,Fabrício Mil Homens Riella,CC BY 4.0,https://creativecommons.org/licenses/by/4.0/,https://www.inaturalist.org/photos/333000809
7-31170-001-021,Jatropha multifida,Jatropha multifida,img/plants/021.jpg,Klaus Bohn,CC BY-NC 4.0,https://creativecommons.org/licenses/by-nc/4.0/,https://www.inaturalist.org/photos/57341426
7-31170-001-022,Shorea roxburghii,Anthoshorea roxburghii,img/plants/022.jpg,Siddarth Machado,CC BY 4.0,https://creativecommons.org/licenses/by/4.0/,https://www.inaturalist.org/photos/60580456
7-31170-001-023,Dalbergia cochinchinensis,Dalbergia cochinchinensis,img/plants/023.jpg,Smithsonian Institution,CC BY-NC-SA 4.0,https://creativecommons.org/licenses/by-nc-sa/4.0/,https://www.inaturalist.org/photos/1458298
7-31170-001-024,Millingtonia hortensis,Millingtonia hortensis,img/plants/024.jpg,Cheongweei Gan,CC BY-NC 4.0,https://creativecommons.org/licenses/by-nc/4.0/,https://www.inaturalist.org/photos/26274012
7-31170-001-026,Chromolaena odorata,Chromolaena odorata,img/plants/026.jpg,Brian Oakes Haiti Hunter,CC BY 4.0,https://creativecommons.org/licenses/by/4.0/,https://www.inaturalist.org/photos/63410243
7-31170-001-027,Wrightia religiosa,Wrightia religiosa,img/plants/027.jpg,mish mill,CC BY-NC 4.0,https://creativecommons.org/licenses/by-nc/4.0/,https://www.inaturalist.org/photos/28496923
7-31170-001-028,Thunbergia laurifolia,Thunbergia laurifolia,img/plants/028.jpg,brian fisher,CC BY-NC-SA 4.0,https://creativecommons.org/licenses/by-nc-sa/4.0/,https://www.inaturalist.org/photos/281653071
7-31170-001-029,Caryota bacsonensis,Caryota maxima,img/plants/029.jpg,Andrey Efremov,CC BY-NC 4.0,https://creativecommons.org/licenses/by-nc/4.0/,https://www.inaturalist.org/photos/460831371
7-31170-001-030,Leucaena leucocephala,Leucaena leucocephala,img/plants/030.jpg,ผู้ใช้ iNaturalist,CC0,https://creativecommons.org/publicdomain/zero/1.0/,https://www.inaturalist.org/photos/173810094
7-31170-001-031,Vitex canescens,Vitex canescens,img/plants/031.jpg,Utain Pummarin,CC BY 4.0,https://creativecommons.org/licenses/by/4.0/,https://www.inaturalist.org/photos/217834792
7-31170-001-032,Schleichera oleosa,Schleichera oleosa,img/plants/032.jpg,Rujuta Vinod,CC BY-NC 4.0,https://creativecommons.org/licenses/by-nc/4.0/,https://www.inaturalist.org/photos/90565422
7-31170-001-033,Pterocarpus macrocarpus,Pterocarpus macrocarpus,img/plants/033.jpg,Andrey,CC BY-NC 4.0,https://creativecommons.org/licenses/by-nc/4.0/,https://www.inaturalist.org/photos/251607341
7-31170-001-034,Syzygium gratum,Syzygium antisepticum,img/plants/034.jpg,Didier Levasseur,CC BY-NC 4.0,https://creativecommons.org/licenses/by-nc/4.0/,https://www.inaturalist.org/photos/194557350
7-31170-001-035,Murraya paniculata,Murraya paniculata,img/plants/035.jpg,jinze,CC BY-NC 4.0,https://creativecommons.org/licenses/by-nc/4.0/,https://www.inaturalist.org/photos/169096158
7-31170-001-036,Ptychosperma macarthurii,Ptychosperma propinquum,img/plants/036.jpg,Forest and Kim Starr,CC BY 4.0,https://creativecommons.org/licenses/by/4.0/,https://www.inaturalist.org/photos/107474787
7-31170-001-037,Tectona grandis,Tectona grandis,img/plants/037.jpg,Fábio Luis dos Santos,CC BY-NC 4.0,https://creativecommons.org/licenses/by-nc/4.0/,https://www.inaturalist.org/photos/341617583
7-31170-001-038,Polyalthia longifolia,Monoon longifolium,img/plants/038.jpg,liangfern,CC BY-NC 4.0,https://creativecommons.org/licenses/by-nc/4.0/,https://www.inaturalist.org/photos/250307806
7-31170-001-039,Erythrina variegata,Erythrina variegata,img/plants/039.jpg,wanyu_,CC BY-NC 4.0,https://creativecommons.org/licenses/by-nc/4.0/,https://www.inaturalist.org/photos/285528539
7-31170-001-040,Senna siamea,Senna siamea,img/plants/040.jpg,Rui Da Silva Pinto,CC BY-NC 4.0,https://creativecommons.org/licenses/by-nc/4.0/,https://www.inaturalist.org/photos/27943748
7-31170-001-041,Tamarindus indica,Tamarindus indica,img/plants/041.jpg,ผู้ใช้ iNaturalist,CC0,https://creativecommons.org/publicdomain/zero/1.0/,https://www.inaturalist.org/photos/40233197
7-31170-001-042,Sanchezia speciosa,Sanchezia oblonga,img/plants/042.jpg,sandy-espinozaf,CC BY 4.0,https://creativecommons.org/licenses/by/4.0/,https://www.inaturalist.org/photos/47048332
7-31170-001-043,Phyllanthus acidus,Phyllanthus acidus,img/plants/043.jpg,Nasser Halaweh,CC BY 4.0,https://creativecommons.org/licenses/by/4.0/,https://www.inaturalist.org/photos/28866253
7-31170-001-044,Dracaena fragrans,Dracaena fragrans,img/plants/044.jpg,Jan Ho,CC BY-NC 4.0,https://creativecommons.org/licenses/by-nc/4.0/,https://www.inaturalist.org/photos/69907178
7-31170-001-045,Dieffenbachia seguine,Dieffenbachia seguine,img/plants/045.jpg,mira_hlt,CC BY-NC 4.0,https://creativecommons.org/licenses/by-nc/4.0/,https://www.inaturalist.org/photos/325214430
7-31170-001-046,Schefflera actinophylla,Heptapleurum actinophyllum,img/plants/046.jpg,Stephen Thorpe,CC BY-NC 4.0,https://creativecommons.org/licenses/by-nc/4.0/,https://www.inaturalist.org/photos/19387254
7-31170-001-047,Dracaena surculosa,Dracaena surculosa,img/plants/047.jpg,ผู้ใช้ iNaturalist,CC BY-NC-SA 4.0,https://creativecommons.org/licenses/by-nc-sa/4.0/,https://www.inaturalist.org/photos/715973
7-31170-001-048,Epipremnum aureum,Epipremnum aureum,img/plants/048.jpg,Amaury Durbano,CC BY-NC 4.0,https://creativecommons.org/licenses/by-nc/4.0/,https://www.inaturalist.org/photos/337751865
7-31170-001-049,Cordyline fruticosa,Cordyline fruticosa,img/plants/049.jpg,lerc-1,CC BY-NC 4.0,https://creativecommons.org/licenses/by-nc/4.0/,https://www.inaturalist.org/photos/311053723
7-31170-001-050,Nephrolepis biserrata,Nephrolepis biserrata,img/plants/050.jpg,Benjamin Schwartz,CC BY-NC 4.0,https://creativecommons.org/licenses/by-nc/4.0/,https://www.inaturalist.org/photos/8923258
7-31170-001-051,Artocarpus heterophyllus,Artocarpus heterophyllus,img/plants/051.jpg,Henry Lourenço,CC BY-NC 4.0,https://creativecommons.org/licenses/by-nc/4.0/,https://www.inaturalist.org/photos/316636114
7-31170-001-052,Pithecellobium dulce,Pithecellobium dulce,img/plants/052.jpg,Francisco Farriols Sarabia,CC BY 4.0,https://creativecommons.org/licenses/by/4.0/,https://www.inaturalist.org/photos/4024336
7-31170-001-054,Oxyceros horridus,Oxyceros horridus,img/plants/054.jpg,berkovec,CC BY-NC 4.0,https://creativecommons.org/licenses/by-nc/4.0/,https://www.inaturalist.org/photos/68017661
7-31170-001-055,Bauhinia purpurea,Bauhinia purpurea,img/plants/055.jpg,portioid,CC BY 4.0,https://creativecommons.org/licenses/by/4.0/,https://www.inaturalist.org/photos/26886384
7-31170-001-056,Atalantia monophylla,Atalantia monophylla,img/plants/056.jpg,Suhel Quader,CC BY 4.0,https://creativecommons.org/licenses/by/4.0/,https://www.inaturalist.org/photos/34279530
7-31170-001-057,Samanea saman,Samanea saman,img/plants/057.jpg,ผู้ใช้ iNaturalist,CC0,https://creativecommons.org/publicdomain/zero/1.0/,https://www.inaturalist.org/photos/58693810
7-31170-001-058,Parinari anamensis,Parinari anamensis,img/plants/058.jpg,David Renoult,CC BY-NC 4.0,https://creativecommons.org/licenses/by-nc/4.0/,https://www.inaturalist.org/photos/4705797
7-31170-001-059,Artabotrys hexapetalus,Artabotrys hexapetalus,img/plants/059.jpg,gayathree,CC BY-NC 4.0,https://creativecommons.org/licenses/by-nc/4.0/,https://www.inaturalist.org/photos/274652348
7-31170-001-061,Dalbergia nigrescens,Dalbergia nigrescens,img/plants/061.jpg,Wangworn Sankamethawee,CC BY-NC 4.0,https://creativecommons.org/licenses/by-nc/4.0/,https://www.inaturalist.org/photos/230173949
7-31170-001-062,Dipterocarpus alatus,Dipterocarpus alatus,img/plants/062.jpg,Wangworn Sankamethawee,CC BY-NC 4.0,https://creativecommons.org/licenses/by-nc/4.0/,https://www.inaturalist.org/photos/212741669
7-31170-001-063,Anisoptera costata,Anisoptera costata,img/plants/063.jpg,Psumuseum,CC BY-SA 4.0,https://creativecommons.org/licenses/by-sa/4.0/,https://www.inaturalist.org/photos/2098416
7-31170-001-064,Gliricidia sepium,Gliricidia sepium,img/plants/064.jpg,Colin Barrows,CC BY-NC 4.0,https://creativecommons.org/licenses/by-nc/4.0/,https://www.inaturalist.org/photos/2677580
7-31170-001-065,Hibiscus rosa-sinensis,Hibiscus × rosa-sinensis,img/plants/065.jpg,Diego Delso,CC BY-SA 4.0,https://creativecommons.org/licenses/by-sa/4.0/,https://www.inaturalist.org/photos/464365407
7-31170-001-066,Holarrhena pubescens,Holarrhena pubescens,img/plants/066.jpg,Aparna Watve,CC BY-NC 4.0,https://creativecommons.org/licenses/by-nc/4.0/,https://www.inaturalist.org/photos/107267632
7-31170-001-067,Schizostachyum brachycladum,Schizostachyum brachycladum,img/plants/067.jpg,Wie146,CC BY-SA 4.0,https://creativecommons.org/licenses/by-sa/4.0/,https://www.inaturalist.org/photos/91810333
7-31170-001-068,Averrhoa carambola,Averrhoa carambola,img/plants/068.jpg,ผู้ใช้ iNaturalist,CC0,https://creativecommons.org/publicdomain/zero/1.0/,https://www.inaturalist.org/photos/92413444
7-31170-001-069,Ficus hispida,Ficus hispida,img/plants/069.jpg,Naufal Urfi Dhiya'ulhaq,CC BY-NC 4.0,https://creativecommons.org/licenses/by-nc/4.0/,https://www.inaturalist.org/photos/94282747
7-31170-001-070,Caesalpinia pulcherrima,Caesalpinia pulcherrima,img/plants/070.jpg,Jonathan Ortiz Torres,CC BY-NC 4.0,https://creativecommons.org/licenses/by-nc/4.0/,https://www.inaturalist.org/photos/4952725
7-31170-001-071,Jacaranda mimosifolia,Jacaranda mimosifolia,img/plants/071.jpg,Linda,CC BY-NC 4.0,https://creativecommons.org/licenses/by-nc/4.0/,https://www.inaturalist.org/photos/32686403
7-31170-001-072,Casuarina equisetifolia,Casuarina equisetifolia,img/plants/072.jpg,Pedro Alanis,CC BY-NC 4.0,https://creativecommons.org/licenses/by-nc/4.0/,https://www.inaturalist.org/photos/16450498
7-31170-001-073,Senna spectabilis,Senna spectabilis,img/plants/073.jpg,Kinmatsu Lin,CC BY-NC 4.0,https://creativecommons.org/licenses/by-nc/4.0/,https://www.inaturalist.org/photos/57638167
7-31170-001-074,Butea monosperma,Butea monosperma,img/plants/074.jpg,ผู้ใช้ iNaturalist,CC0,https://creativecommons.org/publicdomain/zero/1.0/,https://www.inaturalist.org/photos/3889326
7-31170-001-075,Oroxylum indicum,Oroxylum indicum,img/plants/075.jpg,Cheongweei Gan,CC BY-NC 4.0,https://creativecommons.org/licenses/by-nc/4.0/,https://www.inaturalist.org/photos/28953974
7-31170-001-076,Syzygium cumini,Syzygium cumini,img/plants/076.jpg,budak,CC BY-NC 4.0,https://creativecommons.org/licenses/by-nc/4.0/,https://www.inaturalist.org/photos/46156014
7-31170-001-077,Muntingia calabura,Muntingia calabura,img/plants/077.jpg,Jorge Armín Escalante-Pasos,CC BY 4.0,https://creativecommons.org/licenses/by/4.0/,https://www.inaturalist.org/photos/1567788
7-31170-001-078,Punica granatum,Punica granatum,img/plants/078.jpg,H. Zell,CC BY-SA 4.0,https://creativecommons.org/licenses/by-sa/4.0/,https://www.inaturalist.org/photos/4956594
7-31170-001-079,Lagerstroemia speciosa,Lagerstroemia speciosa,img/plants/079.jpg,Mark Roberts,CC BY-NC 4.0,https://creativecommons.org/licenses/by-nc/4.0/,https://www.inaturalist.org/photos/79053352
7-31170-001-080,Adiantum tenerum,Adiantum tenerum,img/plants/080.jpg,Leon Perrie,CC BY-NC 4.0,https://creativecommons.org/licenses/by-nc/4.0/,https://www.inaturalist.org/photos/2270950
7-31170-001-081,Rhinacanthus nasutus,Rhinacanthus nasutus,img/plants/081.jpg,ผู้ใช้ iNaturalist,CC0,https://creativecommons.org/publicdomain/zero/1.0/,https://www.inaturalist.org/photos/56699712
7-31170-001-082,Cocos nucifera,Cocos nucifera,img/plants/082.jpg,Douglas Goldman,CC BY-SA 4.0,https://creativecommons.org/licenses/by-sa/4.0/,https://www.inaturalist.org/photos/234982213
7-31170-001-083,Alstonia scholaris,Alstonia scholaris,img/plants/083.jpg,scribblesii,CC BY-NC 4.0,https://creativecommons.org/licenses/by-nc/4.0/,https://www.inaturalist.org/photos/46130816
7-31170-001-084,Chlorophytum bichetii,Chlorophytum laxum,img/plants/084.jpg,Shami Narayanan,CC BY 4.0,https://creativecommons.org/licenses/by/4.0/,https://www.inaturalist.org/photos/92755048
7-31170-001-085,Pterocarpus indicus,Pterocarpus indicus,img/plants/085.jpg,ผู้ใช้ iNaturalist,CC0,https://creativecommons.org/publicdomain/zero/1.0/,https://www.inaturalist.org/photos/65718753
7-31170-001-086,Hemigraphis alternata,Strobilanthes alternata,img/plants/086.jpg,Rui Da Silva Pinto,CC BY-NC 4.0,https://creativecommons.org/licenses/by-nc/4.0/,https://www.inaturalist.org/photos/24905793
7-31170-001-087,Spathiphyllum cannifolium,Spathiphyllum cannifolium,img/plants/087.jpg,Apipa,CC BY-NC 4.0,https://creativecommons.org/licenses/by-nc/4.0/,https://www.inaturalist.org/photos/151880942
7-31170-001-089,Nelumbo nucifera,Nelumbo nucifera,img/plants/089.jpg,Inessa,CC BY-NC 4.0,https://creativecommons.org/licenses/by-nc/4.0/,https://www.inaturalist.org/photos/116385724
7-31170-001-090,Peltophorum pterocarpum,Peltophorum pterocarpum,img/plants/090.jpg,kishore T,CC BY-NC 4.0,https://creativecommons.org/licenses/by-nc/4.0/,https://www.inaturalist.org/photos/145183218
7-31170-001-091,Mangifera indica,Mangifera indica,img/plants/091.jpg,ผู้ใช้ iNaturalist,CC0,https://creativecommons.org/publicdomain/zero/1.0/,https://www.inaturalist.org/photos/35094040
7-31170-001-092,Lepisanthes rubiginosa,Lepisanthes rubiginosa,img/plants/092.jpg,Cheongweei Gan,CC BY-NC 4.0,https://creativecommons.org/licenses/by-nc/4.0/,https://www.inaturalist.org/photos/17826149
7-31170-001-093,Microcos tomentosa,Microcos tomentosa,img/plants/093.jpg,Affan Nasaruddin,CC BY-NC 4.0,https://creativecommons.org/licenses/by-nc/4.0/,https://www.inaturalist.org/photos/35867679
7-31170-001-094,Ehretia microphylla,Ehretia microphylla,img/plants/094.jpg,ผู้ใช้ iNaturalist,CC0,https://creativecommons.org/publicdomain/zero/1.0/,https://www.inaturalist.org/photos/81967522
7-31170-001-095,Thunbergia affinis,Thunbergia affinis,img/plants/095.jpg,James Kuria NDUNG’U,CC BY-NC 4.0,https://creativecommons.org/licenses/by-nc/4.0/,https://www.inaturalist.org/photos/78920721
7-31170-001-096,Asystasia gangetica,Asystasia gangetica,img/plants/096.jpg,ผู้ใช้ iNaturalist,CC0,https://creativecommons.org/publicdomain/zero/1.0/,https://www.inaturalist.org/photos/178177515
7-31170-001-097,Bougainvillea spectabilis,Bougainvillea spectabilis,img/plants/097.jpg,Prenn,CC BY-SA 4.0,https://creativecommons.org/licenses/by-sa/4.0/,https://www.inaturalist.org/photos/393467193
7-31170-001-098,Barringtonia acutangula,Barringtonia acutangula,img/plants/098.jpg,ผู้ใช้ iNaturalist,CC BY-NC-SA 4.0,https://creativecommons.org/licenses/by-nc-sa/4.0/,https://www.inaturalist.org/photos/864211
7-31170-001-099,Thevetia peruviana,Cascabela thevetia,img/plants/099.jpg,Alan Kwok (King Lun),CC BY-NC 4.0,https://creativecommons.org/licenses/by-nc/4.0/,https://www.inaturalist.org/photos/51171811
7-31170-001-100,Pleomele reflexa,Dracaena reflexa,img/plants/100.jpg,Jean-Philippe BASUYAUX,CC BY-NC 4.0,https://creativecommons.org/licenses/by-nc/4.0/,https://www.inaturalist.org/photos/55770016
7-31170-001-101,Alternanthera dentata,Alternanthera brasiliana,img/plants/101.jpg,c_moniq,CC BY-NC 4.0,https://creativecommons.org/licenses/by-nc/4.0/,https://www.inaturalist.org/photos/333374281
7-31170-001-102,Dendrobium cumulatum,Dendrobium cumulatum,img/plants/102.jpg,Eerika Schulz,CC BY-NC-SA 4.0,https://creativecommons.org/licenses/by-nc-sa/4.0/,https://www.inaturalist.org/photos/614733852
7-31170-001-103,Ophiopogon jaburan,Ophiopogon jaburan,img/plants/103.jpg,ผู้ใช้ iNaturalist,CC BY-NC-SA 4.0,https://creativecommons.org/licenses/by-nc-sa/4.0/,https://www.inaturalist.org/photos/712452
7-31170-001-104,Afzelia xylocarpa,Afzelia xylocarpa,img/plants/104.jpg,Didier Levasseur,CC BY-NC 4.0,https://creativecommons.org/licenses/by-nc/4.0/,https://www.inaturalist.org/photos/148675031
7-31170-001-105,Cassia fistula,Cassia fistula,img/plants/105.jpg,Robin Gwen Agarwal,CC BY-NC 4.0,https://creativecommons.org/licenses/by-nc/4.0/,https://www.inaturalist.org/photos/33340060
7-31170-001-106,Melia azedarach,Melia azedarach,img/plants/106.jpg,ผู้ใช้ iNaturalist,CC0,https://creativecommons.org/publicdomain/zero/1.0/,https://www.inaturalist.org/photos/33351307
7-31170-001-107,Eucalyptus camaldulensis,Eucalyptus camaldulensis,img/plants/107.jpg,Dean Nicolle,CC BY-NC 4.0,https://creativecommons.org/licenses/by-nc/4.0/,https://www.inaturalist.org/photos/246643149
7-31170-001-108,Ixora stricta,Ixora chinensis,img/plants/108.jpg,dfyp ip,CC BY-NC 4.0,https://creativecommons.org/licenses/by-nc/4.0/,https://www.inaturalist.org/photos/491941005
7-31170-001-110,Sesbania grandiflora,Sesbania grandiflora,img/plants/110.jpg,Alejandra Flores,CC BY-NC-SA 4.0,https://creativecommons.org/licenses/by-nc-sa/4.0/,https://www.inaturalist.org/photos/14061822
7-31170-001-111,Sauropus androgynus,Breynia androgyna,img/plants/111.jpg,大肚魚,CC BY-NC 4.0,https://creativecommons.org/licenses/by-nc/4.0/,https://www.inaturalist.org/photos/25047616
7-31170-001-112,Solanum torvum,Solanum torvum,img/plants/112.jpg,ผู้ใช้ iNaturalist,CC0,https://creativecommons.org/publicdomain/zero/1.0/,https://www.inaturalist.org/photos/116176221
7-31170-001-113,Laportea interrupta,Laportea interrupta,img/plants/113.jpg,Shiwalee Samant,CC BY-NC 4.0,https://creativecommons.org/licenses/by-nc/4.0/,https://www.inaturalist.org/photos/70677681
7-31170-001-114,Acalypha indica,Acalypha indica,img/plants/114.jpg,Siddarth Machado,CC BY 4.0,https://creativecommons.org/licenses/by/4.0/,https://www.inaturalist.org/photos/48588135
7-31170-001-115,Ocimum tenuiflorum,Ocimum tenuiflorum,img/plants/115.jpg,小铖/Smalltown,CC BY-NC 4.0,https://creativecommons.org/licenses/by-nc/4.0/,https://www.inaturalist.org/photos/129609853
7-31170-001-116,Ocimum basilicum,Ocimum basilicum,img/plants/116.jpg,Sune Holt,CC BY-NC 4.0,https://creativecommons.org/licenses/by-nc/4.0/,https://www.inaturalist.org/photos/154769884
7-31170-001-117,Carica papaya,Carica papaya,img/plants/117.jpg,annalake99,CC BY-NC 4.0,https://creativecommons.org/licenses/by-nc/4.0/,https://www.inaturalist.org/photos/113841397
7-31170-001-118,Biophytum sensitivum,Biophytum sensitivum,img/plants/118.jpg,V C Balakrishnan,CC BY-SA 4.0,https://creativecommons.org/licenses/by-sa/4.0/,https://www.inaturalist.org/photos/554094189
7-31170-001-119,Piper aurantiacum,Piper wallichii,img/plants/119.jpg,刘光裕 Liu Guangyu,CC BY-NC 4.0,https://creativecommons.org/licenses/by-nc/4.0/,https://www.inaturalist.org/photos/472225652
7-31170-001-120,Cuphea hyssopifolia,Cuphea hyssopifolia,img/plants/120.jpg,johnlerond,CC BY-NC 4.0,https://creativecommons.org/licenses/by-nc/4.0/,https://www.inaturalist.org/photos/610574652
7-31170-001-121,Orthosiphon aristatus,Orthosiphon aristatus,img/plants/121.jpg,Scott O'Donnell,CC BY-NC 4.0,https://creativecommons.org/licenses/by-nc/4.0/,https://www.inaturalist.org/photos/74413733
7-31170-001-122,Amaranthus lividus,Amaranthus blitum,img/plants/122.jpg,TonyT,CC BY 4.0,https://creativecommons.org/licenses/by/4.0/,https://www.inaturalist.org/photos/295539268
7-31170-001-123,Cleome gynandra,Cleome gynandra,img/plants/123.jpg,ผู้ใช้ iNaturalist,CC0,https://creativecommons.org/publicdomain/zero/1.0/,https://www.inaturalist.org/photos/28460977
7-31170-001-124,Euphorbia hirta,Euphorbia hirta,img/plants/124.jpg,Jung,CC BY-NC 4.0,https://creativecommons.org/licenses/by-nc/4.0/,https://www.inaturalist.org/photos/71118726
7-31170-001-125,Zea mays,Zea mays,img/plants/125.jpg,Ken,CC BY-NC 4.0,https://creativecommons.org/licenses/by-nc/4.0/,https://www.inaturalist.org/photos/12293878
7-31170-001-126,Musa sapientum,Musa × paradisiaca,img/plants/126.jpg,Mark Rosenstein,CC BY-NC 4.0,https://creativecommons.org/licenses/by-nc/4.0/,https://www.inaturalist.org/photos/548958
7-31170-001-127,Acacia insuavis,Senegalia insuavis,img/plants/127.jpg,officerjames,CC BY-NC 4.0,https://creativecommons.org/licenses/by-nc/4.0/,https://www.inaturalist.org/photos/601652640
7-31170-001-128,Cyperus rotundus,Cyperus rotundus,img/plants/128.jpg,ผู้ใช้ iNaturalist,CC0,https://creativecommons.org/publicdomain/zero/1.0/,https://www.inaturalist.org/photos/60471960
7-31170-001-129,Cymbopogon nardus,Cymbopogon nardus,img/plants/129.jpg,Simone Chetty,CC BY-NC 4.0,https://creativecommons.org/licenses/by-nc/4.0/,https://www.inaturalist.org/photos/126610149
7-31170-001-130,Tradescantia virginiana,Tradescantia virginiana,img/plants/130.jpg,Joanne Muis Redwood,CC BY-NC 4.0,https://creativecommons.org/licenses/by-nc/4.0/,https://www.inaturalist.org/photos/21373805
7-31170-001-131,Murdannia loriformis,Murdannia loriformis,img/plants/131.jpg,Ben,CC BY-NC 4.0,https://creativecommons.org/licenses/by-nc/4.0/,https://www.inaturalist.org/photos/73085174
7-31170-001-132,Acanthus ebracteatus,Acanthus ebracteatus,img/plants/132.jpg,Steven Kurniawidjaja,CC BY-NC 4.0,https://creativecommons.org/licenses/by-nc/4.0/,https://www.inaturalist.org/photos/12092846
7-31170-001-133,Sansevieria cylindrica,Sansevieria cylindrica,img/plants/133.jpg,Martin Reith,CC BY-NC 4.0,https://creativecommons.org/licenses/by-nc/4.0/,https://www.inaturalist.org/photos/70512537
7-31170-001-134,Costus speciosus,Hellenia speciosa,img/plants/134.jpg,vivianjen,CC BY-NC 4.0,https://creativecommons.org/licenses/by-nc/4.0/,https://www.inaturalist.org/photos/215394630
7-31170-001-135,Barleria lupulina,Barleria lupulina,img/plants/135.jpg,Mohd Abdul Muin Md Akil,CC BY-NC 4.0,https://creativecommons.org/licenses/by-nc/4.0/,https://www.inaturalist.org/photos/13108409
7-31170-001-136,Zingiber officinale,Zingiber officinale,img/plants/136.jpg,Greg III Espera,CC BY 4.0,https://creativecommons.org/licenses/by/4.0/,https://www.inaturalist.org/photos/13363718
7-31170-001-137,Andrographis paniculata,Andrographis paniculata,img/plants/137.jpg,ผู้ใช้ iNaturalist,CC0,https://creativecommons.org/publicdomain/zero/1.0/,https://www.inaturalist.org/photos/53707556
7-31170-001-138,Belamcanda chinensis,Iris domestica,img/plants/138.jpg,ผู้ใช้ iNaturalist,CC0,https://creativecommons.org/publicdomain/zero/1.0/,https://www.inaturalist.org/photos/65066126
7-31170-001-139,Phyllanthus amarus,Phyllanthus amarus,img/plants/139.jpg,Kuan-Chieh (Chuck) Hung,CC BY-NC-SA 4.0,https://creativecommons.org/licenses/by-nc-sa/4.0/,https://www.inaturalist.org/photos/22995204
7-31170-001-140,Hygrophila erecta,Hygrophila erecta,img/plants/140.jpg,Pranav Chandra Bose,CC BY 4.0,https://creativecommons.org/licenses/by/4.0/,https://www.inaturalist.org/photos/178444132
7-31170-001-141,Aglaonema modestum,Aglaonema modestum,img/plants/141.jpg,siwenxtbg,CC BY-NC 4.0,https://creativecommons.org/licenses/by-nc/4.0/,https://www.inaturalist.org/photos/378863640
7-31170-001-142,Spondias pinnata,Spondias pinnata,img/plants/142.jpg,Dinesh Valke,CC BY-NC-SA 4.0,https://creativecommons.org/licenses/by-nc-sa/4.0/,https://www.inaturalist.org/photos/1467662
7-31170-001-143,Cardiospermum halicacabum,Cardiospermum halicacabum,img/plants/143.jpg,Kuan-Chieh (Chuck) Hung,CC BY-NC-SA 4.0,https://creativecommons.org/licenses/by-nc-sa/4.0/,https://www.inaturalist.org/photos/40413105
7-31170-001-144,Canavalia gladiata,Canavalia gladiata,img/plants/144.jpg,Radha Veach,CC BY-NC 4.0,https://creativecommons.org/licenses/by-nc/4.0/,https://www.inaturalist.org/photos/256321755
7-31170-001-145,Echinodorus cordifolius,Echinodorus cordifolius,img/plants/145.jpg,sblumen,CC BY 4.0,https://creativecommons.org/licenses/by/4.0/,https://www.inaturalist.org/photos/432851572
7-31170-001-146,Passiflora foetida,Passiflora foetida,img/plants/146.jpg,Alex Yu,CC BY-NC 4.0,https://creativecommons.org/licenses/by-nc/4.0/,https://www.inaturalist.org/photos/289723896
7-31170-001-147,Ipomoea ochracea,Ipomoea ochracea,img/plants/147.jpg,Forest and Kim Starr,CC BY 4.0,https://creativecommons.org/licenses/by/4.0/,https://www.inaturalist.org/photos/4713663
7-31170-001-148,Cosmos sulphureus,Cosmos sulphureus,img/plants/148.jpg,Annika Lindqvist,CC BY 4.0,https://creativecommons.org/licenses/by/4.0/,https://www.inaturalist.org/photos/26247862
7-31170-001-149,Duranta erecta,Duranta erecta,img/plants/149.jpg,M,CC BY-NC 4.0,https://creativecommons.org/licenses/by-nc/4.0/,https://www.inaturalist.org/photos/16323821
7-31170-001-150,Garcinia cowa,Garcinia cowa,img/plants/150.jpg,Khant Ye Yint ( Lord Khanevyr ov Mandralyx),CC BY-NC 4.0,https://creativecommons.org/licenses/by-nc/4.0/,https://www.inaturalist.org/photos/612589309
7-31170-001-151,Cayratia trifolia,Causonis trifolia,img/plants/151.jpg,Shiwalee Samant,CC BY-NC 4.0,https://creativecommons.org/licenses/by-nc/4.0/,https://www.inaturalist.org/photos/66781183
7-31170-001-152,Pluchea indica,Pluchea indica,img/plants/152.jpg,ผู้ใช้ iNaturalist,CC0,https://creativecommons.org/publicdomain/zero/1.0/,https://www.inaturalist.org/photos/28138419
7-31170-001-153,Gomphrena celosioides,Gomphrena celosioides,img/plants/153.jpg,David Hoare,CC BY-NC-SA 4.0,https://creativecommons.org/licenses/by-nc-sa/4.0/,https://www.inaturalist.org/photos/171842527
7-31170-001-154,Citrus maxima,Citrus maxima,img/plants/154.jpg,ผู้ใช้ iNaturalist,CC0,https://creativecommons.org/publicdomain/zero/1.0/,https://www.inaturalist.org/photos/46345818
7-31170-001-155,Morinda citrifolia,Morinda citrifolia,img/plants/155.jpg,Kyhl Austin,CC BY-NC 4.0,https://creativecommons.org/licenses/by-nc/4.0/,https://www.inaturalist.org/photos/99909871
7-31170-001-156,Heliotropium indicum,Heliotropium indicum,img/plants/156.jpg,ผู้ใช้ iNaturalist,CC0,https://creativecommons.org/publicdomain/zero/1.0/,https://www.inaturalist.org/photos/131915433
7-31170-001-157,Psophocarpus tetragonolobus,Psophocarpus tetragonolobus,img/plants/157.jpg,mish mill,CC BY-NC 4.0,https://creativecommons.org/licenses/by-nc/4.0/,https://www.inaturalist.org/photos/56103212
7-31170-001-158,Phaseolus lathyroides,Macroptilium lathyroides,img/plants/158.jpg,Matt Reala,CC BY-NC 4.0,https://creativecommons.org/licenses/by-nc/4.0/,https://www.inaturalist.org/photos/114162116
7-31170-001-159,Nymphaea pubescens,Nymphaea pubescens,img/plants/159.jpg,Vivek.N.Rathod,CC BY-NC-SA 4.0,https://creativecommons.org/licenses/by-nc-sa/4.0/,https://www.inaturalist.org/photos/278355138
7-31170-001-160,Passiflora edulis,Passiflora edulis,img/plants/160.jpg,Suhurab Mohamed,CC BY-NC 4.0,https://creativecommons.org/licenses/by-nc/4.0/,https://www.inaturalist.org/photos/106002881
7-31170-001-161,Tiliacora triandra,Tiliacora triandra,img/plants/161.jpg,Renaudsechet,CC BY-SA 4.0,https://creativecommons.org/licenses/by-sa/4.0/,https://www.inaturalist.org/photos/84631897
7-31170-001-162,Salacia chinensis,Salacia chinensis,img/plants/162.jpg,shelbyfarmer,CC BY-NC 4.0,https://creativecommons.org/licenses/by-nc/4.0/,https://www.inaturalist.org/photos/82093625
7-31170-001-163,Wedelia trilobata,Sphagneticola trilobata,img/plants/163.jpg,ผู้ใช้ iNaturalist,CC0,https://creativecommons.org/publicdomain/zero/1.0/,https://www.inaturalist.org/photos/43898069
7-31170-001-164,Hibiscus sabdariffa,Sabdariffa gossypiifolia,img/plants/164.jpg,ผู้ใช้ iNaturalist,CC0,https://creativecommons.org/publicdomain/zero/1.0/,https://www.inaturalist.org/photos/30423607
7-31170-001-165,Cymbopogon citratus,Cymbopogon citratus,img/plants/165.jpg,Yantza Farm,CC BY-NC 4.0,https://creativecommons.org/licenses/by-nc/4.0/,https://www.inaturalist.org/photos/61513592
7-31170-001-166,Eleusine indica,Eleusine indica,img/plants/166.jpg,ผู้ใช้ iNaturalist,CC0,https://creativecommons.org/publicdomain/zero/1.0/,https://www.inaturalist.org/photos/46240603
7-31170-001-167,Jatropha gossypifolia,Jatropha gossypiifolia,img/plants/167.jpg,Lilian Tomazelli,CC BY-NC 4.0,https://creativecommons.org/licenses/by-nc/4.0/,https://www.inaturalist.org/photos/136711667
7-31170-001-168,Alpinia galanga,Alpinia galanga,img/plants/168.jpg,Jacy Chen,CC BY 4.0,https://creativecommons.org/licenses/by/4.0/,https://www.inaturalist.org/photos/204351284
7-31170-001-169,Brachiaria ramosa,Urochloa ramosa,img/plants/169.jpg,salientia,CC BY-NC 4.0,https://creativecommons.org/licenses/by-nc/4.0/,https://www.inaturalist.org/photos/44349443
7-31170-001-170,Euphorbia heterophylla,Euphorbia heterophylla,img/plants/170.jpg,Steve Jones,CC BY-NC 4.0,https://creativecommons.org/licenses/by-nc/4.0/,https://www.inaturalist.org/photos/24547127
7-31170-001-171,Momordica charantia,Momordica charantia,img/plants/171.jpg,Douglas Goldman,CC BY-SA 4.0,https://creativecommons.org/licenses/by-sa/4.0/,https://www.inaturalist.org/photos/269347188
7-31170-001-172,Brachiaria mutica,Urochloa mutica,img/plants/172.jpg,ผู้ใช้ iNaturalist,CC0,https://creativecommons.org/publicdomain/zero/1.0/,https://www.inaturalist.org/photos/57852953
7-31170-001-173,Ammannia baccifera,Ammannia baccifera,img/plants/173.jpg,ผู้ใช้ iNaturalist,CC0,https://creativecommons.org/publicdomain/zero/1.0/,https://www.inaturalist.org/photos/254683045
7-31170-001-174,Lablab purpureus,Lablab purpureus,img/plants/174.jpg,ผู้ใช้ iNaturalist,CC0,https://creativecommons.org/publicdomain/zero/1.0/,https://www.inaturalist.org/photos/56321074
7-31170-001-175,Colona auriculata,Colona auriculata,img/plants/175.jpg,eec,CC BY-NC 4.0,https://creativecommons.org/licenses/by-nc/4.0/,https://www.inaturalist.org/photos/230317409
7-31170-001-177,Derris elliptica,Derris elliptica,img/plants/177.jpg,JODY HSIEH,CC BY-NC 4.0,https://creativecommons.org/licenses/by-nc/4.0/,https://www.inaturalist.org/photos/283271122
7-31170-001-178,Fagraea fragrans,Cyrtophyllum fragrans,img/plants/178.jpg,Yusran E. Ritonga,CC BY-NC 4.0,https://creativecommons.org/licenses/by-nc/4.0/,https://www.inaturalist.org/photos/145569733
7-31170-001-180,Physalis angulata,Physalis angulata,img/plants/180.jpg,ผู้ใช้ iNaturalist,CC0,https://creativecommons.org/publicdomain/zero/1.0/,https://www.inaturalist.org/photos/132127478
7-31170-001-181,Heliconia latispatha,Heliconia latispatha,img/plants/181.jpg,Rich Kostecke,CC BY-NC 4.0,https://creativecommons.org/licenses/by-nc/4.0/,https://www.inaturalist.org/photos/22739965
7-31170-001-182,Citrus hystrix,Citrus hystrix,img/plants/182.jpg,Elkan Putra,CC BY-NC 4.0,https://creativecommons.org/licenses/by-nc/4.0/,https://www.inaturalist.org/photos/378083246
7-31170-001-183,Amaranthus spinosus,Amaranthus spinosus,img/plants/183.jpg,Mary Keim,CC BY-NC-SA 4.0,https://creativecommons.org/licenses/by-nc-sa/4.0/,https://www.inaturalist.org/photos/17358912
7-31170-001-184,Ageratum conyzoides,Ageratum conyzoides,img/plants/184.jpg,小铖/Smalltown,CC BY-NC 4.0,https://creativecommons.org/licenses/by-nc/4.0/,https://www.inaturalist.org/photos/318779891
7-31170-001-185,Crotalaria pallida,Crotalaria pallida,img/plants/185.jpg,Bob Peterson,CC BY 4.0,https://creativecommons.org/licenses/by/4.0/,https://www.inaturalist.org/photos/79578820
7-31170-001-186,Boerhavia diffusa,Boerhavia diffusa,img/plants/186.jpg,ผู้ใช้ iNaturalist,CC0,https://creativecommons.org/publicdomain/zero/1.0/,https://www.inaturalist.org/photos/72598676
7-31170-001-187,Sida acuta,Sida acuta,img/plants/187.jpg,Anil Kumar Verma,CC BY-NC 4.0,https://creativecommons.org/licenses/by-nc/4.0/,https://www.inaturalist.org/photos/93558236
7-31170-001-188,Tinospora crispa,Tinospora crispa,img/plants/188.jpg,ผู้ใช้ iNaturalist,CC0,https://creativecommons.org/publicdomain/zero/1.0/,https://www.inaturalist.org/photos/27558910
7-31170-001-189,Sarcolobus globosus,Sarcolobus globosus,img/plants/189.jpg,Abu Hamas,CC BY-SA 4.0,https://creativecommons.org/licenses/by-sa/4.0/,https://www.inaturalist.org/photos/50600040
7-31170-001-190,Careya sphaerica,Careya arborea,img/plants/190.jpg,satish nikam,CC BY-NC-SA 4.0,https://creativecommons.org/licenses/by-nc-sa/4.0/,https://www.inaturalist.org/photos/1538028
7-31170-001-191,Ficus benjamina,Ficus benjamina,img/plants/191.jpg,ผู้ใช้ iNaturalist,CC0,https://creativecommons.org/publicdomain/zero/1.0/,https://www.inaturalist.org/photos/68686046
7-31170-001-192,Crassocephalum crepidioides,Crassocephalum crepidioides,img/plants/192.jpg,ผู้ใช้ iNaturalist,CC0,https://creativecommons.org/publicdomain/zero/1.0/,https://www.inaturalist.org/photos/58426954
7-31170-001-193,Suregada multiflora,Suregada multiflora,img/plants/193.jpg,ผู้ใช้ iNaturalist,CC BY-NC-SA 4.0,https://creativecommons.org/licenses/by-nc-sa/4.0/,https://www.inaturalist.org/photos/715956
7-31170-001-194,Etlingera elatior,Etlingera elatior,img/plants/194.jpg,Steven Kurniawidjaja,CC BY-NC 4.0,https://creativecommons.org/licenses/by-nc/4.0/,https://www.inaturalist.org/photos/8983128
7-31170-001-195,Excoecaria cochinchinensis,Excoecaria cochinchinensis,img/plants/195.jpg,jiab_rawiphan,CC BY-NC 4.0,https://creativecommons.org/licenses/by-nc/4.0/,https://www.inaturalist.org/photos/261138141
7-31170-001-196,Tetracera loureiri,Tetracera loureiroi,img/plants/196.jpg,Ong Jyh Seng,CC BY-SA 4.0,https://creativecommons.org/licenses/by-sa/4.0/,https://www.inaturalist.org/photos/110653530
7-31170-001-197,Cyperus papyrus,Cyperus papyrus,img/plants/197.jpg,Shaun Swanepoel,CC BY 4.0,https://creativecommons.org/licenses/by/4.0/,https://www.inaturalist.org/photos/13488403
7-31170-001-198,Jatropha integerrima,Jatropha integerrima,img/plants/198.jpg,Maribel Armenteros,CC BY-NC 4.0,https://creativecommons.org/licenses/by-nc/4.0/,https://www.inaturalist.org/photos/101142590
7-31170-001-199,Cenchrus polystachios,Cenchrus setosus,img/plants/199.jpg,ผู้ใช้ iNaturalist,CC0,https://creativecommons.org/publicdomain/zero/1.0/,https://www.inaturalist.org/photos/67045445
7-31170-001-200,Chrysopogon aciculatus,Chrysopogon aciculatus,img/plants/200.jpg,Jeremy James,CC BY 4.0,https://creativecommons.org/licenses/by/4.0/,https://www.inaturalist.org/photos/239637782
7-31170-001-201,Phyllanthus emblica,Phyllanthus emblica,img/plants/201.jpg,Mayuresh Kulkarni,CC BY-NC 4.0,https://creativecommons.org/licenses/by-nc/4.0/,https://www.inaturalist.org/photos/33996958
7-31170-001-202,Chrysopogon zizanioides,Chrysopogon zizanioides,img/plants/202.jpg,feno,CC BY-NC 4.0,https://creativecommons.org/licenses/by-nc/4.0/,https://www.inaturalist.org/photos/13607423
7-31170-001-204,Ficus subpisocarpa,Ficus subpisocarpa,img/plants/204.jpg,Stargazer,CC BY-NC 4.0,https://creativecommons.org/licenses/by-nc/4.0/,https://www.inaturalist.org/photos/387373746
